<?xml version="1.0" encoding="UTF-8"?>
<project-private xmlns="http://www.netbeans.org/ns/project-private/1">
    <editor-bookmarks xmlns="http://www.netbeans.org/ns/editor-bookmarks/2" lastBookmarkId="0"/>
    <open-files xmlns="http://www.netbeans.org/ns/projectui-open-files/2">
        <group>
            <file>file:/C:/wamp64/www/CodeIgniter-3.1.4/application/views/market.php</file>
            <file>file:/C:/wamp64/www/CodeIgniter-3.1.4/application/controllers/TimController.php</file>
            <file>file:/C:/wamp64/www/CodeIgniter-3.1.4/application/views/igracProfil_korisnikMarket.php</file>
            <file>file:/C:/wamp64/www/CodeIgniter-3.1.4/application/controllers/NalogController.php</file>
            <file>file:/C:/wamp64/www/CodeIgniter-3.1.4/application/models/Fantasy_Model.php</file>
        </group>
    </open-files>
</project-private>
